X,Result
-10.0,NaN
-9.99,NaN
-9.98,NaN
-9.97,NaN
-9.96,NaN
-9.950000000000001,NaN
-9.940000000000001,NaN
-9.930000000000001,NaN
-9.920000000000002,NaN
-9.910000000000002,NaN
-9.900000000000002,NaN
-9.890000000000002,NaN
-9.880000000000003,NaN
-9.870000000000003,NaN
-9.860000000000003,NaN
-9.850000000000003,NaN
-9.840000000000003,NaN
-9.830000000000004,NaN
-9.820000000000004,NaN
-9.810000000000004,NaN
-9.800000000000004,NaN
-9.790000000000004,NaN
-9.780000000000005,NaN
-9.770000000000005,NaN
-9.760000000000005,NaN
-9.750000000000005,NaN
-9.740000000000006,NaN
-9.730000000000006,NaN
-9.720000000000006,NaN
-9.710000000000006,NaN
-9.700000000000006,NaN
-9.690000000000007,NaN
-9.680000000000007,NaN
-9.670000000000007,NaN
-9.660000000000007,NaN
-9.650000000000007,NaN
-9.640000000000008,NaN
-9.630000000000008,NaN
-9.620000000000008,NaN
-9.610000000000008,NaN
-9.600000000000009,NaN
-9.590000000000009,NaN
-9.580000000000009,NaN
-9.57000000000001,NaN
-9.56000000000001,NaN
-9.55000000000001,NaN
-9.54000000000001,NaN
-9.53000000000001,NaN
-9.52000000000001,NaN
-9.51000000000001,NaN
-9.50000000000001,NaN
-9.49000000000001,NaN
-9.480000000000011,NaN
-9.470000000000011,NaN
-9.460000000000012,NaN
-9.450000000000012,NaN
-9.440000000000012,NaN
-9.430000000000012,NaN
-9.420000000000012,NaN
-9.410000000000013,NaN
-9.400000000000013,NaN
-9.390000000000013,NaN
-9.380000000000013,NaN
-9.370000000000013,NaN
-9.360000000000014,NaN
-9.350000000000014,NaN
-9.340000000000014,NaN
-9.330000000000014,NaN
-9.320000000000014,NaN
-9.310000000000015,NaN
-9.300000000000015,NaN
-9.290000000000015,NaN
-9.280000000000015,NaN
-9.270000000000016,NaN
-9.260000000000016,NaN
-9.250000000000016,NaN
-9.240000000000016,NaN
-9.230000000000016,NaN
-9.220000000000017,NaN
-9.210000000000017,NaN
-9.200000000000017,NaN
-9.190000000000017,NaN
-9.180000000000017,NaN
-9.170000000000018,NaN
-9.160000000000018,NaN
-9.150000000000018,NaN
-9.140000000000018,NaN
-9.130000000000019,NaN
-9.120000000000019,NaN
-9.110000000000019,NaN
-9.10000000000002,NaN
-9.09000000000002,NaN
-9.08000000000002,NaN
-9.07000000000002,NaN
-9.06000000000002,NaN
-9.05000000000002,NaN
-9.04000000000002,NaN
-9.03000000000002,NaN
-9.020000000000021,NaN
-9.010000000000021,NaN
-9.000000000000021,NaN
-8.990000000000022,NaN
-8.980000000000022,NaN
-8.970000000000022,NaN
-8.960000000000022,NaN
-8.950000000000022,NaN
-8.940000000000023,NaN
-8.930000000000023,NaN
-8.920000000000023,NaN
-8.910000000000023,NaN
-8.900000000000023,NaN
-8.890000000000024,NaN
-8.880000000000024,NaN
-8.870000000000024,NaN
-8.860000000000024,NaN
-8.850000000000025,NaN
-8.840000000000025,NaN
-8.830000000000025,NaN
-8.820000000000025,NaN
-8.810000000000025,NaN
-8.800000000000026,NaN
-8.790000000000026,NaN
-8.780000000000026,NaN
-8.770000000000026,NaN
-8.760000000000026,NaN
-8.750000000000027,NaN
-8.740000000000027,NaN
-8.730000000000027,NaN
-8.720000000000027,NaN
-8.710000000000027,NaN
-8.700000000000028,NaN
-8.690000000000028,NaN
-8.680000000000028,NaN
-8.670000000000028,NaN
-8.660000000000029,NaN
-8.650000000000029,NaN
-8.640000000000029,NaN
-8.63000000000003,NaN
-8.62000000000003,NaN
-8.61000000000003,NaN
-8.60000000000003,NaN
-8.59000000000003,NaN
-8.58000000000003,NaN
-8.57000000000003,NaN
-8.56000000000003,NaN
-8.550000000000031,NaN
-8.540000000000031,NaN
-8.530000000000031,NaN
-8.520000000000032,NaN
-8.510000000000032,NaN
-8.500000000000032,NaN
-8.490000000000032,NaN
-8.480000000000032,NaN
-8.470000000000033,NaN
-8.460000000000033,NaN
-8.450000000000033,NaN
-8.440000000000033,NaN
-8.430000000000033,NaN
-8.420000000000034,NaN
-8.410000000000034,NaN
-8.400000000000034,NaN
-8.390000000000034,NaN
-8.380000000000035,NaN
-8.370000000000035,NaN
-8.360000000000035,NaN
-8.350000000000035,NaN
-8.340000000000035,NaN
-8.330000000000036,NaN
-8.320000000000036,NaN
-8.310000000000036,NaN
-8.300000000000036,NaN
-8.290000000000036,NaN
-8.280000000000037,NaN
-8.270000000000037,NaN
-8.260000000000037,NaN
-8.250000000000037,NaN
-8.240000000000038,NaN
-8.230000000000038,NaN
-8.220000000000038,NaN
-8.210000000000038,NaN
-8.200000000000038,NaN
-8.190000000000039,NaN
-8.180000000000039,NaN
-8.170000000000039,NaN
-8.16000000000004,NaN
-8.15000000000004,NaN
-8.14000000000004,NaN
-8.13000000000004,NaN
-8.12000000000004,NaN
-8.11000000000004,NaN
-8.10000000000004,NaN
-8.09000000000004,NaN
-8.080000000000041,NaN
-8.070000000000041,NaN
-8.060000000000041,NaN
-8.050000000000042,NaN
-8.040000000000042,NaN
-8.030000000000042,NaN
-8.020000000000042,NaN
-8.010000000000042,NaN
-8.000000000000043,NaN
-7.990000000000043,NaN
-7.980000000000043,NaN
-7.970000000000043,NaN
-7.9600000000000435,NaN
-7.950000000000044,NaN
-7.940000000000044,NaN
-7.930000000000044,NaN
-7.920000000000044,NaN
-7.9100000000000446,NaN
-7.900000000000045,NaN
-7.890000000000045,NaN
-7.880000000000045,NaN
-7.870000000000045,NaN
-7.860000000000046,NaN
-7.850000000000046,NaN
-7.840000000000046,NaN
-7.830000000000046,NaN
-7.8200000000000465,NaN
-7.810000000000047,NaN
-7.800000000000047,NaN
-7.790000000000047,NaN
-7.780000000000047,NaN
-7.7700000000000475,NaN
-7.760000000000048,NaN
-7.750000000000048,NaN
-7.740000000000048,NaN
-7.730000000000048,NaN
-7.720000000000049,NaN
-7.710000000000049,NaN
-7.700000000000049,NaN
-7.690000000000049,NaN
-7.6800000000000495,NaN
-7.67000000000005,NaN
-7.66000000000005,NaN
-7.65000000000005,NaN
-7.64000000000005,NaN
-7.6300000000000505,NaN
-7.620000000000051,NaN
-7.610000000000051,NaN
-7.600000000000051,NaN
-7.590000000000051,NaN
-7.580000000000052,NaN
-7.570000000000052,NaN
-7.560000000000052,NaN
-7.550000000000052,NaN
-7.540000000000052,NaN
-7.530000000000053,NaN
-7.520000000000053,NaN
-7.510000000000053,NaN
-7.500000000000053,NaN
-7.4900000000000535,NaN
-7.480000000000054,NaN
-7.470000000000054,NaN
-7.460000000000054,NaN
-7.450000000000054,NaN
-7.440000000000055,NaN
-7.430000000000055,NaN
-7.420000000000055,NaN
-7.410000000000055,NaN
-7.400000000000055,NaN
-7.390000000000056,NaN
-7.380000000000056,NaN
-7.370000000000056,NaN
-7.360000000000056,NaN
-7.3500000000000565,NaN
-7.340000000000057,NaN
-7.330000000000057,NaN
-7.320000000000057,NaN
-7.310000000000057,NaN
-7.3000000000000576,NaN
-7.290000000000058,NaN
-7.280000000000058,NaN
-7.270000000000058,NaN
-7.260000000000058,NaN
-7.250000000000059,NaN
-7.240000000000059,NaN
-7.230000000000059,NaN
-7.220000000000059,NaN
-7.2100000000000595,NaN
-7.20000000000006,NaN
-7.19000000000006,NaN
-7.18000000000006,NaN
-7.17000000000006,NaN
-7.1600000000000605,NaN
-7.150000000000061,NaN
-7.140000000000061,NaN
-7.130000000000061,NaN
-7.120000000000061,NaN
-7.110000000000062,NaN
-7.100000000000062,NaN
-7.090000000000062,NaN
-7.080000000000062,NaN
-7.0700000000000625,NaN
-7.060000000000063,NaN
-7.050000000000063,NaN
-7.040000000000063,NaN
-7.030000000000063,NaN
-7.0200000000000635,NaN
-7.010000000000064,NaN
-7.000000000000064,NaN
-6.990000000000064,NaN
-6.980000000000064,NaN
-6.970000000000065,NaN
-6.960000000000065,NaN
-6.950000000000065,NaN
-6.940000000000065,NaN
-6.930000000000065,NaN
-6.920000000000066,NaN
-6.910000000000066,NaN
-6.900000000000066,NaN
-6.890000000000066,NaN
-6.8800000000000665,NaN
-6.870000000000067,NaN
-6.860000000000067,NaN
-6.850000000000067,NaN
-6.840000000000067,NaN
-6.830000000000068,NaN
-6.820000000000068,NaN
-6.810000000000068,NaN
-6.800000000000068,NaN
-6.790000000000068,NaN
-6.780000000000069,NaN
-6.770000000000069,NaN
-6.760000000000069,NaN
-6.750000000000069,NaN
-6.7400000000000695,NaN
-6.73000000000007,NaN
-6.72000000000007,NaN
-6.71000000000007,NaN
-6.70000000000007,NaN
-6.690000000000071,NaN
-6.680000000000071,NaN
-6.670000000000071,NaN
-6.660000000000071,NaN
-6.650000000000071,NaN
-6.640000000000072,NaN
-6.630000000000072,NaN
-6.620000000000072,NaN
-6.610000000000072,NaN
-6.6000000000000725,NaN
-6.590000000000073,NaN
-6.580000000000073,NaN
-6.570000000000073,NaN
-6.560000000000073,NaN
-6.5500000000000735,NaN
-6.540000000000074,NaN
-6.530000000000074,NaN
-6.520000000000074,NaN
-6.510000000000074,NaN
-6.500000000000075,NaN
-6.490000000000075,NaN
-6.480000000000075,NaN
-6.470000000000075,NaN
-6.4600000000000755,NaN
-6.450000000000076,NaN
-6.440000000000076,NaN
-6.430000000000076,NaN
-6.420000000000076,NaN
-6.4100000000000765,NaN
-6.400000000000077,NaN
-6.390000000000077,NaN
-6.380000000000077,NaN
-6.370000000000077,NaN
-6.360000000000078,NaN
-6.350000000000078,NaN
-6.340000000000078,NaN
-6.330000000000078,NaN
-6.320000000000078,NaN
-6.310000000000079,NaN
-6.300000000000079,NaN
-6.290000000000079,NaN
-6.280000000000079,NaN
-6.2700000000000795,NaN
-6.26000000000008,NaN
-6.25000000000008,NaN
-6.24000000000008,NaN
-6.23000000000008,NaN
-6.220000000000081,NaN
-6.210000000000081,NaN
-6.200000000000081,NaN
-6.190000000000081,NaN
-6.180000000000081,NaN
-6.170000000000082,NaN
-6.160000000000082,NaN
-6.150000000000082,NaN
-6.140000000000082,NaN
-6.1300000000000825,NaN
-6.120000000000083,NaN
-6.110000000000083,NaN
-6.100000000000083,NaN
-6.090000000000083,NaN
-6.080000000000084,NaN
-6.070000000000084,NaN
-6.060000000000084,NaN
-6.050000000000084,NaN
-6.040000000000084,NaN
-6.030000000000085,NaN
-6.020000000000085,NaN
-6.010000000000085,NaN
-6.000000000000085,NaN
-5.9900000000000855,NaN
-5.980000000000086,NaN
-5.970000000000086,NaN
-5.960000000000086,NaN
-5.950000000000086,NaN
-5.9400000000000865,NaN
-5.930000000000087,NaN
-5.920000000000087,NaN
-5.910000000000087,NaN
-5.900000000000087,NaN
-5.890000000000088,NaN
-5.880000000000088,NaN
-5.870000000000088,NaN
-5.860000000000088,NaN
-5.8500000000000885,NaN
-5.840000000000089,NaN
-5.830000000000089,NaN
-5.820000000000089,NaN
-5.810000000000089,NaN
-5.8000000000000895,NaN
-5.79000000000009,NaN
-5.78000000000009,NaN
-5.77000000000009,NaN
-5.76000000000009,NaN
-5.750000000000091,NaN
-5.740000000000091,NaN
-5.730000000000091,NaN
-5.720000000000091,NaN
-5.7100000000000914,NaN
-5.700000000000092,NaN
-5.690000000000092,NaN
-5.680000000000092,NaN
-5.670000000000092,NaN
-5.6600000000000925,NaN
-5.650000000000093,NaN
-5.640000000000093,NaN
-5.630000000000093,NaN
-5.620000000000093,NaN
-5.610000000000094,NaN
-5.600000000000094,NaN
-5.590000000000094,NaN
-5.580000000000094,NaN
-5.570000000000094,NaN
-5.560000000000095,NaN
-5.550000000000095,NaN
-5.540000000000095,NaN
-5.530000000000095,NaN
-5.5200000000000955,NaN
-5.510000000000096,NaN
-5.500000000000096,NaN
-5.490000000000096,NaN
-5.480000000000096,NaN
-5.470000000000097,NaN
-5.460000000000097,NaN
-5.450000000000097,NaN
-5.440000000000097,NaN
-5.430000000000097,NaN
-5.420000000000098,NaN
-5.410000000000098,NaN
-5.400000000000098,NaN
-5.390000000000098,NaN
-5.3800000000000985,NaN
-5.370000000000099,NaN
-5.360000000000099,NaN
-5.350000000000099,NaN
-5.340000000000099,NaN
-5.3300000000000995,NaN
-5.3200000000001,NaN
-5.3100000000001,NaN
-5.3000000000001,NaN
-5.2900000000001,NaN
-5.280000000000101,NaN
-5.270000000000101,NaN
-5.260000000000101,NaN
-5.250000000000101,NaN
-5.2400000000001015,NaN
-5.230000000000102,NaN
-5.220000000000102,NaN
-5.210000000000102,NaN
-5.200000000000102,NaN
-5.1900000000001025,NaN
-5.180000000000103,NaN
-5.170000000000103,NaN
-5.160000000000103,NaN
-5.150000000000103,NaN
-5.140000000000104,NaN
-5.130000000000104,NaN
-5.120000000000104,NaN
-5.110000000000104,NaN
-5.1000000000001044,NaN
-5.090000000000105,NaN
-5.080000000000105,NaN
-5.070000000000105,NaN
-5.060000000000105,NaN
-5.0500000000001055,NaN
-5.040000000000106,NaN
-5.030000000000106,NaN
-5.020000000000106,NaN
-5.010000000000106,NaN
-5.000000000000107,NaN
-4.990000000000107,NaN
-4.980000000000107,NaN
-4.970000000000107,NaN
-4.960000000000107,NaN
-4.950000000000108,NaN
-4.940000000000108,NaN
-4.930000000000108,NaN
-4.920000000000108,NaN
-4.9100000000001085,NaN
-4.900000000000109,NaN
-4.890000000000109,NaN
-4.880000000000109,NaN
-4.870000000000109,NaN
-4.86000000000011,NaN
-4.85000000000011,NaN
-4.84000000000011,NaN
-4.83000000000011,NaN
-4.82000000000011,NaN
-4.810000000000111,NaN
-4.800000000000111,NaN
-4.790000000000111,NaN
-4.780000000000111,NaN
-4.7700000000001115,NaN
-4.760000000000112,NaN
-4.750000000000112,NaN
-4.740000000000112,NaN
-4.730000000000112,NaN
-4.7200000000001125,NaN
-4.710000000000113,NaN
-4.700000000000113,NaN
-4.690000000000113,NaN
-4.680000000000113,NaN
-4.670000000000114,NaN
-4.660000000000114,NaN
-4.650000000000114,NaN
-4.640000000000114,NaN
-4.6300000000001145,NaN
-4.620000000000115,NaN
-4.610000000000115,NaN
-4.600000000000115,NaN
-4.590000000000115,NaN
-4.5800000000001155,NaN
-4.570000000000116,NaN
-4.560000000000116,NaN
-4.550000000000116,NaN
-4.540000000000116,NaN
-4.530000000000117,NaN
-4.520000000000117,NaN
-4.510000000000117,NaN
-4.500000000000117,NaN
-4.4900000000001175,NaN
-4.480000000000118,NaN
-4.470000000000118,NaN
-4.460000000000118,NaN
-4.450000000000118,NaN
-4.4400000000001185,NaN
-4.430000000000119,NaN
-4.420000000000119,NaN
-4.410000000000119,NaN
-4.400000000000119,NaN
-4.39000000000012,NaN
-4.38000000000012,NaN
-4.37000000000012,NaN
-4.36000000000012,NaN
-4.35000000000012,NaN
-4.340000000000121,NaN
-4.330000000000121,NaN
-4.320000000000121,NaN
-4.310000000000121,NaN
-4.3000000000001215,NaN
-4.290000000000122,NaN
-4.280000000000122,NaN
-4.270000000000122,NaN
-4.260000000000122,NaN
-4.250000000000123,NaN
-4.240000000000123,NaN
-4.230000000000123,NaN
-4.220000000000123,NaN
-4.210000000000123,NaN
-4.200000000000124,NaN
-4.190000000000124,NaN
-4.180000000000124,NaN
-4.170000000000124,NaN
-4.1600000000001245,NaN
-4.150000000000125,NaN
-4.140000000000125,NaN
-4.130000000000125,NaN
-4.120000000000125,NaN
-4.1100000000001256,NaN
-4.100000000000126,NaN
-4.090000000000126,NaN
-4.080000000000126,NaN
-4.070000000000126,NaN
-4.060000000000127,NaN
-4.050000000000127,NaN
-4.040000000000127,NaN
-4.030000000000127,NaN
-4.0200000000001275,NaN
-4.010000000000128,NaN
-4.000000000000128,NaN
-3.990000000000128,NaN
-3.9800000000001283,NaN
-3.9700000000001285,NaN
-3.9600000000001288,NaN
-3.950000000000129,NaN
-3.940000000000129,NaN
-3.9300000000001294,NaN
-3.9200000000001296,NaN
-3.91000000000013,NaN
-3.90000000000013,NaN
-3.8900000000001302,NaN
-3.8800000000001305,NaN
-3.8700000000001307,NaN
-3.860000000000131,NaN
-3.850000000000131,NaN
-3.8400000000001313,NaN
-3.8300000000001315,NaN
-3.8200000000001317,NaN
-3.810000000000132,NaN
-3.800000000000132,NaN
-3.7900000000001324,NaN
-3.7800000000001326,NaN
-3.770000000000133,NaN
-3.760000000000133,NaN
-3.7500000000001332,NaN
-3.7400000000001334,NaN
-3.7300000000001337,NaN
-3.720000000000134,NaN
-3.710000000000134,NaN
-3.7000000000001343,NaN
-3.6900000000001345,NaN
-3.6800000000001347,NaN
-3.670000000000135,NaN
-3.660000000000135,NaN
-3.6500000000001354,NaN
-3.6400000000001356,NaN
-3.630000000000136,NaN
-3.620000000000136,NaN
-3.610000000000136,NaN
-3.6000000000001364,NaN
-3.5900000000001366,NaN
-3.580000000000137,NaN
-3.570000000000137,NaN
-3.5600000000001373,NaN
-3.5500000000001375,NaN
-3.5400000000001377,NaN
-3.530000000000138,NaN
-3.520000000000138,NaN
-3.5100000000001383,NaN
-3.5000000000001386,NaN
-3.4900000000001388,NaN
-3.480000000000139,NaN
-3.470000000000139,NaN
-3.4600000000001394,NaN
-3.4500000000001396,NaN
-3.44000000000014,NaN
-3.43000000000014,NaN
-3.4200000000001403,NaN
-3.4100000000001405,NaN
-3.4000000000001407,NaN
-3.390000000000141,NaN
-3.380000000000141,NaN
-3.3700000000001413,NaN
-3.3600000000001415,NaN
-3.3500000000001418,NaN
-3.340000000000142,NaN
-3.330000000000142,NaN
-3.3200000000001424,NaN
-3.3100000000001426,NaN
-3.300000000000143,NaN
-3.290000000000143,NaN
-3.2800000000001432,NaN
-3.2700000000001435,NaN
-3.2600000000001437,NaN
-3.250000000000144,NaN
-3.240000000000144,NaN
-3.2300000000001443,NaN
-3.2200000000001445,NaN
-3.2100000000001447,NaN
-3.200000000000145,NaN
-3.190000000000145,NaN
-3.1800000000001454,NaN
-3.1700000000001456,NaN
-3.160000000000146,NaN
-3.150000000000146,NaN
-3.1400000000001462,NaN
-3.1300000000001464,NaN
-3.1200000000001467,NaN
-3.110000000000147,NaN
-3.100000000000147,NaN
-3.0900000000001473,NaN
-3.0800000000001475,NaN
-3.0700000000001477,NaN
-3.060000000000148,NaN
-3.050000000000148,NaN
-3.0400000000001484,NaN
-3.0300000000001486,NaN
-3.020000000000149,NaN
-3.010000000000149,NaN
-3.000000000000149,NaN
-2.9900000000001494,NaN
-2.9800000000001496,NaN
-2.97000000000015,NaN
-2.96000000000015,NaN
-2.9500000000001503,NaN
-2.9400000000001505,NaN
-2.9300000000001507,NaN
-2.920000000000151,NaN
-2.910000000000151,NaN
-2.9000000000001513,NaN
-2.8900000000001516,NaN
-2.8800000000001518,NaN
-2.870000000000152,NaN
-2.860000000000152,NaN
-2.8500000000001524,NaN
-2.8400000000001526,NaN
-2.830000000000153,NaN
-2.820000000000153,NaN
-2.8100000000001533,NaN
-2.8000000000001535,NaN
-2.7900000000001537,NaN
-2.780000000000154,NaN
-2.770000000000154,NaN
-2.7600000000001543,NaN
-2.7500000000001545,NaN
-2.7400000000001548,NaN
-2.730000000000155,NaN
-2.720000000000155,NaN
-2.7100000000001554,NaN
-2.7000000000001556,NaN
-2.690000000000156,NaN
-2.680000000000156,NaN
-2.6700000000001562,NaN
-2.6600000000001565,NaN
-2.6500000000001567,NaN
-2.640000000000157,NaN
-2.630000000000157,NaN
-2.6200000000001573,NaN
-2.6100000000001575,NaN
-2.6000000000001577,NaN
-2.590000000000158,NaN
-2.580000000000158,NaN
-2.5700000000001584,NaN
-2.5600000000001586,NaN
-2.550000000000159,NaN
-2.540000000000159,NaN
-2.5300000000001592,NaN
-2.5200000000001594,NaN
-2.5100000000001597,NaN
-2.50000000000016,NaN
-2.49000000000016,NaN
-2.4800000000001603,NaN
-2.4700000000001605,NaN
-2.4600000000001607,NaN
-2.450000000000161,NaN
-2.440000000000161,NaN
-2.4300000000001614,NaN
-2.4200000000001616,NaN
-2.410000000000162,NaN
-2.400000000000162,NaN
-2.390000000000162,NaN
-2.3800000000001624,NaN
-2.3700000000001626,NaN
-2.360000000000163,NaN
-2.350000000000163,NaN
-2.3400000000001633,NaN
-2.3300000000001635,NaN
-2.3200000000001637,NaN
-2.310000000000164,NaN
-2.300000000000164,NaN
-2.2900000000001643,NaN
-2.2800000000001646,NaN
-2.2700000000001648,NaN
-2.260000000000165,NaN
-2.250000000000165,NaN
-2.2400000000001654,NaN
-2.2300000000001656,NaN
-2.220000000000166,NaN
-2.210000000000166,NaN
-2.2000000000001663,NaN
-2.1900000000001665,NaN
-2.1800000000001667,NaN
-2.170000000000167,NaN
-2.160000000000167,NaN
-2.1500000000001673,NaN
-2.1400000000001675,NaN
-2.1300000000001678,NaN
-2.120000000000168,NaN
-2.110000000000168,NaN
-2.1000000000001684,NaN
-2.0900000000001686,NaN
-2.080000000000169,NaN
-2.070000000000169,NaN
-2.0600000000001693,NaN
-2.0500000000001695,NaN
-2.0400000000001697,NaN
-2.03000000000017,NaN
-2.02000000000017,NaN
-2.0100000000001703,NaN
-2.0000000000001705,NaN
-1.9900000000001705,NaN
-1.9800000000001705,NaN
-1.9700000000001705,NaN
-1.9600000000001705,NaN
-1.9500000000001705,NaN
-1.9400000000001705,NaN
-1.9300000000001705,NaN
-1.9200000000001705,NaN
-1.9100000000001705,NaN
-1.9000000000001704,NaN
-1.8900000000001704,NaN
-1.8800000000001704,NaN
-1.8700000000001704,NaN
-1.8600000000001704,NaN
-1.8500000000001704,NaN
-1.8400000000001704,NaN
-1.8300000000001704,NaN
-1.8200000000001704,NaN
-1.8100000000001704,NaN
-1.8000000000001704,NaN
-1.7900000000001703,NaN
-1.7800000000001703,NaN
-1.7700000000001703,NaN
-1.7600000000001703,NaN
-1.7500000000001703,NaN
-1.7400000000001703,NaN
-1.7300000000001703,NaN
-1.7200000000001703,NaN
-1.7100000000001703,NaN
-1.7000000000001703,NaN
-1.6900000000001703,NaN
-1.6800000000001702,NaN
-1.6700000000001702,NaN
-1.6600000000001702,NaN
-1.6500000000001702,NaN
-1.6400000000001702,NaN
-1.6300000000001702,NaN
-1.6200000000001702,NaN
-1.6100000000001702,NaN
-1.6000000000001702,NaN
-1.5900000000001702,NaN
-1.5800000000001702,NaN
-1.5700000000001701,NaN
-1.5600000000001701,NaN
-1.5500000000001701,NaN
-1.5400000000001701,NaN
-1.5300000000001701,NaN
-1.52000000000017,NaN
-1.51000000000017,NaN
-1.50000000000017,NaN
-1.49000000000017,NaN
-1.48000000000017,NaN
-1.47000000000017,NaN
-1.46000000000017,NaN
-1.45000000000017,NaN
-1.44000000000017,NaN
-1.43000000000017,NaN
-1.42000000000017,NaN
-1.41000000000017,NaN
-1.40000000000017,NaN
-1.39000000000017,NaN
-1.38000000000017,NaN
-1.37000000000017,NaN
-1.36000000000017,NaN
-1.35000000000017,NaN
-1.34000000000017,NaN
-1.33000000000017,NaN
-1.32000000000017,NaN
-1.31000000000017,NaN
-1.30000000000017,NaN
-1.29000000000017,NaN
-1.28000000000017,NaN
-1.2700000000001699,NaN
-1.2600000000001699,NaN
-1.2500000000001699,NaN
-1.2400000000001699,NaN
-1.2300000000001698,NaN
-1.2200000000001698,NaN
-1.2100000000001698,NaN
-1.2000000000001698,NaN
-1.1900000000001698,NaN
-1.1800000000001698,NaN
-1.1700000000001698,NaN
-1.1600000000001698,NaN
-1.1500000000001698,NaN
-1.1400000000001698,NaN
-1.1300000000001698,NaN
-1.1200000000001697,NaN
-1.1100000000001697,NaN
-1.1000000000001697,NaN
-1.0900000000001697,NaN
-1.0800000000001697,NaN
-1.0700000000001697,NaN
-1.0600000000001697,NaN
-1.0500000000001697,NaN
-1.0400000000001697,NaN
-1.0300000000001697,NaN
-1.0200000000001697,NaN
-1.0100000000001697,NaN
-1.0000000000001696,NaN
-0.9900000000001696,NaN
-0.9800000000001696,NaN
-0.9700000000001696,NaN
-0.9600000000001696,NaN
-0.9500000000001696,NaN
-0.9400000000001696,NaN
-0.9300000000001696,NaN
-0.9200000000001696,NaN
-0.9100000000001696,NaN
-0.9000000000001696,NaN
-0.8900000000001695,NaN
-0.8800000000001695,NaN
-0.8700000000001695,NaN
-0.8600000000001695,NaN
-0.8500000000001695,NaN
-0.8400000000001695,NaN
-0.8300000000001695,NaN
-0.8200000000001695,NaN
-0.8100000000001695,NaN
-0.8000000000001695,NaN
-0.7900000000001695,NaN
-0.7800000000001694,NaN
-0.7700000000001694,NaN
-0.7600000000001694,NaN
-0.7500000000001694,NaN
-0.7400000000001694,NaN
-0.7300000000001694,NaN
-0.7200000000001694,NaN
-0.7100000000001694,NaN
-0.7000000000001694,NaN
-0.6900000000001694,NaN
-0.6800000000001694,NaN
-0.6700000000001693,NaN
-0.6600000000001693,NaN
-0.6500000000001693,NaN
-0.6400000000001693,NaN
-0.6300000000001693,NaN
-0.6200000000001693,NaN
-0.6100000000001693,NaN
-0.6000000000001693,NaN
-0.5900000000001693,NaN
-0.5800000000001693,NaN
-0.5700000000001693,NaN
-0.5600000000001693,NaN
-0.5500000000001692,NaN
-0.5400000000001692,NaN
-0.5300000000001692,NaN
-0.5200000000001692,NaN
-0.5100000000001692,NaN
-0.5000000000001692,NaN
-0.4900000000001692,NaN
-0.4800000000001692,NaN
-0.47000000000016917,NaN
-0.46000000000016916,NaN
-0.45000000000016915,NaN
-0.44000000000016914,NaN
-0.43000000000016914,NaN
-0.4200000000001691,NaN
-0.4100000000001691,NaN
-0.4000000000001691,NaN
-0.3900000000001691,NaN
-0.3800000000001691,NaN
-0.3700000000001691,NaN
-0.3600000000001691,NaN
-0.35000000000016906,NaN
-0.34000000000016906,NaN
-0.33000000000016905,NaN
-0.32000000000016904,NaN
-0.31000000000016903,NaN
-0.300000000000169,NaN
-0.290000000000169,NaN
-0.280000000000169,NaN
-0.270000000000169,NaN
-0.260000000000169,NaN
-0.250000000000169,NaN
-0.24000000000016897,NaN
-0.23000000000016896,NaN
-0.22000000000016895,NaN
-0.21000000000016894,NaN
-0.20000000000016893,NaN
-0.19000000000016892,NaN
-0.1800000000001689,NaN
-0.1700000000001689,NaN
-0.1600000000001689,NaN
-0.1500000000001689,NaN
-0.14000000000016888,NaN
-0.13000000000016887,NaN
-0.12000000000016887,NaN
-0.11000000000016888,NaN
-0.10000000000016888,NaN
-0.09000000000016889,NaN
-0.0800000000001689,NaN
-0.0700000000001689,NaN
-0.0600000000001689,NaN
-0.050000000000168895,NaN
-0.040000000000168894,NaN
-0.03000000000016889,NaN
-0.02000000000016889,NaN
-0.01000000000016889,NaN
-1.6888920817414999E-13,NaN
0.009999999999831111,-6.643856189799148
0.01999999999983111,-5.643856189786944
0.029999999999831113,-5.05889368906172
0.039999999999831115,-4.643856189780841
0.04999999999983112,-4.321928094892254
0.05999999999983112,-4.058893689057644
0.06999999999983111,-3.8365012677206174
0.07999999999983111,-3.6438561897777757
0.0899999999998311,-3.473931188335133
0.0999999999998311,-3.321928094889805
0.1099999999998311,-3.184424571139651
0.11999999999983109,-3.05889368905559
0.12999999999983108,-2.943416471635507
0.1399999999998311,-2.836501267718856
0.1499999999998311,-2.736965594167832
0.1599999999998311,-2.6438561897762454
0.16999999999983112,-2.5563933485257992
0.17999999999983113,-2.473931188333757
0.18999999999983114,-2.3959286763324132
0.19999999999983115,-2.3219280948885657
0.20999999999983116,-2.2515387669970894
0.21999999999983116,-2.1844245711385244
0.22999999999983117,-2.120294233718726
0.23999999999983118,-2.058893689054555
0.2499999999998312,-2.0000000000009557
0.2599999999998312,-1.9434164716345539
0.2699999999998312,-1.888968687612142
0.2799999999998312,-1.8365012677179704
0.2899999999998312,-1.785875194647965
0.29999999999983123,-1.736965594166974
0.30999999999983124,-1.6896598793886353
0.31999999999983125,-1.643856189775473
0.32999999999983126,-1.599462070416978
0.33999999999983127,-1.556393348525103
0.3499999999998313,-1.5145731728304377
0.3599999999998313,-1.4739311883330355
0.3699999999998313,-1.434402824146423
0.3799999999998313,-1.3959286763317313
0.3899999999998313,-1.358453970913091
0.3999999999998313,-1.3219280948879153
0.40999999999983133,-1.2863041851572208
0.41999999999983134,-1.2515387669964662
0.42999999999983135,-1.2175914350731667
0.43999999999983136,-1.1844245711379782
0.44999999999983137,-1.1520030934455379
0.4599999999998314,-1.1202942337182247
0.4699999999998314,-1.0892673380976061
0.4799999999998314,-1.0588936890540261
0.4899999999998314,-1.029146345659997
0.4999999999998314,-1.0000000000004863
0.5099999999998314,-0.9714308478036444
0.5199999999998314,-0.9434164716340765
0.5299999999998314,-0.9159357352119796
0.5399999999998314,-0.8889686876116043
0.5499999999998314,-0.8624964762504609
0.5599999999998314,-0.8365012677175375
0.5699999999998314,-0.8109661756104071
0.5799999999998314,-0.7858751946474631
0.5899999999998314,-0.7612131404132438
0.5999999999998314,-0.73696559416659
0.6099999999998315,-0.7131188522122311
0.6199999999998315,-0.6896598793882441
0.6299999999998315,-0.666576266275112
0.6399999999998315,-0.643856189775066
0.6499999999998315,-0.6214883767466286
0.6599999999998315,-0.5994620704166361
0.6699999999998315,-0.5777669993173176
0.6799999999998315,-0.5563933485246513
0.6899999999998315,-0.5353317329968637
0.6999999999998315,-0.5145731728300864
0.7099999999998315,-0.49410907027037887
0.7199999999998316,-0.4739311883327505
0.7299999999998316,-0.4540316308948915
0.7399999999998316,-0.4344028241460292
0.7499999999998316,-0.41503749927913314
0.7599999999998316,-0.39592867633144463
0.7699999999998316,-0.3770696490801349
0.7799999999998316,-0.3584539709127888
0.7899999999998316,-0.3400754415977555
0.7999999999998316,-0.3219280948875829
0.8099999999998316,-0.3040061868903625
0.8199999999998316,-0.2863041851569224
0.8299999999998317,-0.2688167584280883
0.8399999999998317,-0.2515387669962539
0.8499999999998317,-0.23446525363704968
0.8599999999998317,-0.21759143507279682
0.8699999999998317,-0.2009126939262304
0.8799999999998317,-0.18442457113768743
0.8899999999998317,-0.1681227588085956
0.8999999999998317,-0.1520030934453199
0.9099999999998317,-0.1360615495762967
0.9199999999998317,-0.12029423371785608
0.9299999999998317,-0.10469737866692112
0.9399999999998317,-0.08926733809733867
0.9499999999998318,-0.074000581444032
0.9599999999998318,-0.058893689053822085
0.9699999999998318,-0.04394334758776961
0.9799999999998318,-0.02914634565976016
0.9899999999998318,-0.014499569695360398
0.9999999999998318,0.0
1.0099999999998317,0.014355292976829836
1.0199999999998317,0.028569152196529474
1.0299999999998317,0.04264433740819519
1.0399999999998317,0.05658352836613479
1.0499999999998317,0.07038932789116688
1.0599999999998317,0.08406426478824197
1.0699999999998318,0.09761079662617839
1.0799999999998318,0.11103131238846176
1.0899999999998318,0.12432813500181746
1.0999999999998318,0.13750352374971572
1.1099999999998318,0.150559676575163
1.1199999999998318,0.16349873228266032
1.1299999999998318,0.17632277264023954
1.1399999999998318,0.18903382438978245
1.1499999999998318,0.2016338611693925
1.1599999999998318,0.2141248053525446
1.1699999999998318,0.22650852980829614
1.1799999999998319,0.23878685958691295
1.1899999999998319,0.2509615735330155
1.1999999999998319,0.26303440583358945
1.2099999999998319,0.27500704749966215
1.2199999999998319,0.28688114778794743
1.229999999999832,0.2986583155642893
1.239999999999832,0.3103401206119049
1.249999999999832,0.32192809488708524
1.259999999999832,0.3334237337248658
1.269999999999832,0.3448284969970415
1.279999999999832,0.3561438102250873
1.289999999999832,0.36737106564834066
1.299999999999832,0.37851162325353876
1.309999999999832,0.38956681176253066
1.319999999999832,0.40053792958352713
1.329999999999832,0.41142624572625286
1.339999999999832,0.4222330006828203
1.349999999999832,0.43295940727585636
1.359999999999832,0.4436066514753328
1.369999999999832,0.4541758931854755
1.379999999999832,0.46466826700327124
1.389999999999832,0.4750848829486088
1.399999999999832,0.485426827170066
1.409999999999832,0.4956951626238903
1.419999999999832,0.5058909297297742
1.429999999999832,0.516015147003475
1.439999999999832,0.5260688116673883
1.449999999999832,0.5360529002399973
1.459999999999832,0.5459683691050621
1.469999999999832,0.5558161550613853
1.4799999999998321,0.5655971758539386
1.4899999999998321,0.5753123306871084
1.4999999999998321,0.5849625007209958
1.5099999999998321,0.5945485495501921
1.5199999999998322,0.6040713236686961
1.5299999999998322,0.6135316529177584
1.5399999999998322,0.6229303509200027
1.5499999999998322,0.6322682154993319
1.5599999999998322,0.6415460290873329
1.5699999999998322,0.650764559116699
1.5799999999998322,0.6599245584021585
1.5899999999998322,0.6690267655093901
1.5999999999998322,0.6780719051123704
1.6099999999998322,0.6870606883397449
1.6199999999998322,0.6959938131097515
1.6299999999998322,0.7048719644562023
1.6399999999998323,0.7136958148432055
1.6499999999998323,0.7224660244709338
1.6599999999998323,0.7311832415720377
1.6699999999998323,0.7398481026991588
1.6799999999998323,0.7484612330038583
1.6899999999998323,0.7570232465072715
1.6999999999998323,0.7655347463627756
1.7099999999998323,0.773996325110955
1.7199999999998323,0.7824085649271341
1.7299999999998323,0.7907720378617351
1.7399999999998323,0.799087306073866
1.7499999999998324,0.8073549220574647
1.7599999999998324,0.8155754288624305
1.7699999999998324,0.8237493603081273
1.7799999999998324,0.831877241191523
1.7899999999998324,0.8399595874893764
1.7999999999998324,0.8479969065547875
1.8099999999998324,0.8559896973083096
1.8199999999998324,0.8639384504237899
1.8299999999998324,0.8718436485091235
1.8399999999998324,0.8797057662820783
1.8499999999998324,0.8875252707413587
1.8599999999998325,0.895302621333055
1.8699999999998325,0.9030382701127831
1.8799999999998325,0.9107326619027818
1.8899999999998325,0.9183862344462139
1.8999999999998325,0.9259994185560855
1.9099999999998325,0.9335726382608821
1.9199999999998325,0.9411063109462839
1.9299999999998325,0.9486008474932014
1.9399999999998325,0.9560566524122408
1.9499999999998325,0.9634741239747138
1.9599999999998325,0.9708536543402999
1.9699999999998326,0.9781956296814536
1.9799999999998326,0.9855004303046705
1.9899999999998326,0.9927684307686907
1.9999999999998326,0.9999999999998794
2.0099999999998324,1.007195501404081
2.019999999999832,1.0143552929769442
2.029999999999832,1.0214797274103216
2.0399999999998317,1.0285691521966365
2.0499999999998315,1.0356239097305815
2.0599999999998313,1.0426443374083478
2.069999999999831,1.0496307677244467
2.079999999999831,1.056583528366205
2.0899999999998307,1.0635029423059847
2.0999999999998304,1.0703893278912124
2.1099999999998302,1.0772429989322607
2.11999999999983,1.0840642647882583
2.12999999999983,1.0908534304509991
2.1399999999998296,1.097610796626305
2.1499999999998294,1.1043366598146156
2.159999999999829,1.11103131238862
2.169999999999829,1.1176950426696266
2.1799999999998287,1.1243281350020689
2.1899999999998285,1.1309308698263099
2.1999999999998283,1.1375035237497897
2.209999999999828,1.1440463696165537
2.219999999999828,1.150559676575219
2.2299999999998277,1.1570437101454074
2.2399999999998275,1.1634987322826946
2.2499999999998272,1.1699250014421132
2.259999999999827,1.1763227726403545
2.269999999999827,1.1826922975160792
2.2799999999998266,1.189033824389903
2.2899999999998264,1.1953475983221018
2.299999999999826,1.2016338611695292
2.309999999999826,1.207892851641207
2.3199999999998258,1.2141248053527165
2.3299999999998255,1.2203299548794186
2.3399999999998253,1.226508529808536
2.349999999999825,1.232660756790123
2.359999999999825,1.2387868595869558
2.3699999999998247,1.2448870591233634
2.3799999999998245,1.2509615735330362
2.3899999999998243,1.2570106182058283
2.399999999999824,1.263034405833688
2.409999999999824,1.269033146455129
2.4199999999998236,1.2750070474997586
2.4299999999998234,1.2809563138309417
2.439999999999823,1.286881147788043
2.449999999999823,1.2927817492277227
2.4599999999998228,1.2986583155643863
2.4699999999998226,1.3045110418098185
2.4799999999998223,1.310340120612009
2.489999999999822,1.316145742293207
2.499999999999822,1.3219280948872045
2.5099999999998217,1.3276873641758797
2.5199999999998215,1.3334237337250128
2.5299999999998213,1.3391373849194848
2.539999999999821,1.3448284969973388
2.549999999999821,1.3504972470840275
2.5599999999998206,1.3561438102251666
2.5699999999998204,1.3617683594190415
2.57999999999982,1.3673710656484135
2.58999999999982,1.3729520979117085
2.59999999999982,1.3785116232536039
2.6099999999998196,1.3840498067950282
2.6199999999998194,1.389566811762587
2.629999999999819,1.395062799517432
2.639999999999819,1.400537929583574
2.6499999999998187,1.4059923596756736
2.6599999999998185,1.4114262457262905
2.6699999999998183,1.4168397419127319
2.679999999999818,1.4222330006829478
2.689999999999818,1.4276061727817966
2.6999999999998177,1.4329594072760006
2.7099999999998174,1.4382928515790374
2.7199999999998172,1.4436066514755013
2.729999999999817,1.4489009511450095
2.739999999999817,1.4541758931856792
2.7499999999998166,1.4594316186371687
2.7599999999998164,1.4646682670033089
2.769999999999816,1.4698859762743215
2.779999999999816,1.4750848829486323
2.7899999999998157,1.4802651220543035
2.7999999999998155,1.485426827170073
2.8099999999998153,1.4905701304461074
2.819999999999815,1.4956951626239723
2.829999999999815,1.500802053057058
2.8399999999998147,1.5058909297298548
2.8499999999998145,1.5109619192772727
2.8599999999998142,1.5160151470035539
2.869999999999814,1.5210507369008477
2.879999999999814,1.5260688116674677
2.8899999999998136,1.5310694927258282
2.8999999999998134,1.536052900240078
2.909999999999813,1.5410191531334207
2.919999999999813,1.545968369105147
2.9299999999998128,1.5509006646473693
2.9399999999998125,1.5558161550614764
2.9499999999998123,1.560714954474387
2.959999999999812,1.5655971758541312
2.969999999999812,1.5704629310259444
2.9799999999998117,1.575312330687337
2.9899999999998115,1.580145484423277
2.9999999999998113,1.5849625007210482
3.009999999999811,1.5897634869848647
3.019999999999811,1.5945485495502372
3.0299999999998106,1.5993177936981047
3.0399999999998104,1.6040713236687334
3.04999999999981,1.6088092426753897
3.05999999999981,1.613531652917785
3.0699999999998098,1.6182386555953048
3.0799999999998096,1.62293035092009
3.0899999999998093,1.6276068381295603
3.099999999999809,1.6322682154994212
3.109999999999809,1.6369145803557834
3.1199999999998087,1.6415460290874262
3.1299999999998085,1.6461626571577925
3.1399999999998083,1.650764559116798
3.149999999999808,1.6553518286124453
3.159999999999808,1.6599245584022646
3.1699999999998076,1.6644828403645635
3.1799999999998074,1.6690267655095061
3.189999999999807,1.6735564239900138
3.199999999999807,1.6780719051125006
3.209999999999807,1.6825732973474337
3.2199999999998066,1.6870606883398085
3.2299999999998064,1.6915341649191127
3.239999999999806,1.695993813109811
3.249999999999806,1.700439718141
3.2599999999998057,1.704871964456258
3.2699999999998055,1.7092906357232598
3.2799999999998053,1.7136958148432568
3.289999999999805,1.718087583960411
3.299999999999805,1.7224660244709817
3.3099999999998047,1.7268312170323776
3.3199999999998044,1.7311832415720794
3.3299999999998042,1.7355221772964113
3.339999999999804,1.7398481026991948
3.349999999999804,1.7441610955702709
3.3599999999998036,1.7484612330039535
3.3699999999998034,1.752748591407049
3.379999999999803,1.757023246507372
3.389999999999803,1.7612852733615292
3.3999999999998027,1.7655347463628843
3.4099999999998025,1.769771739249352
3.4199999999998023,1.773996325111074
3.429999999999802,1.778208576397985
3.439999999999802,1.782408564927266
3.4499999999998017,1.7865963618906955
3.4599999999998015,1.790772037861883
3.4699999999998012,1.7949356628034143
3.479999999999801,1.799087306073876
3.489999999999801,1.8032270364347927
3.4999999999998006,1.8073549220575247
3.5099999999998004,1.8114710305297537
3.5199999999998,1.815575428862488
3.5299999999998,1.8196681834963693
3.5399999999997998,1.823749360308182
3.5499999999997995,1.827819024617227
3.5599999999997993,1.831877241191577
3.569999999999799,1.8359240742542762
3.579999999999799,1.8399595874894275
3.5899999999997987,1.8439838440482188
3.5999999999997985,1.847996906554837
3.6099999999997983,1.8519988371123273
3.619999999999798,1.8559896973083567
3.629999999999798,1.8599695482208962
3.6399999999997976,1.863938450423836
3.6499999999997974,1.867896463992576
3.659999999999797,1.8718436485092356
3.669999999999797,1.8757800630684038
3.6799999999997968,1.8797057662822012
3.6899999999997966,1.8836208162855808
3.6999999999997963,1.887525270741494
3.709999999999796,1.8914191868459815
3.719999999999796,1.8953026213332056
3.7299999999997957,1.8991756304804084
3.7399999999997955,1.903038270112803
3.7499999999997953,1.9068905956084043
3.759999999999795,1.9107326619027933
3.769999999999795,1.9145645234938142
3.7799999999997946,1.9183862344462161
3.7899999999997944,1.9221978483962898
3.799999999999794,1.925999418556143
3.809999999999794,1.9297909977185157
3.819999999999794,1.9335726382609395
3.8299999999997936,1.9373443921501452
3.8399999999997934,1.94110631094634
3.849999999999793,1.944858445807445
3.859999999999793,1.9486008474932588
3.8699999999997927,1.952333566369584
3.8799999999997925,1.9560566524122973
3.8899999999997923,1.9597701552113571
3.899999999999792,1.9634741239747708
3.909999999999792,1.9671686075325068
3.9199999999997917,1.9708536543403574
3.9299999999997914,1.9745293124838068
3.9399999999997912,1.9781956296815746
3.949999999999791,1.9818526532896605
3.959999999999791,1.9855004303048023
3.9699999999997906,1.989139007368149
3.9799999999997904,1.9927684307688356
3.98999999999979,1.9963887464475296
3.99999999999979,1.9999999999999059
4.00999999999979,2.003602236680097
4.01999999999979,2.0071955014041025
4.02999999999979,2.010779838753136
4.0399999999997895,2.0143552929769584
4.049999999999789,2.017921907997146
4.059999999999789,2.0214797274103304
4.069999999999789,2.0250287944914502
4.079999999999789,2.028569152196696
4.0899999999997885,2.032100843166947
4.099999999999788,2.0356239097306426
4.109999999999788,2.0391383939068763
4.119999999999788,2.04264433740841
4.129999999999788,2.0461417816446312
4.139999999999787,2.04963076772451
4.149999999999787,2.0531113364594664
4.159999999999787,2.0565835283662697
4.169999999999787,2.0600473836698354
4.1799999999997866,2.0635029423060502
4.189999999999786,2.0669502439245155
4.199999999999786,2.0703893278912804
4.209999999999786,2.073820233291601
4.219999999999786,2.077242998932388
4.2299999999997855,2.0806576633451503
4.239999999999785,2.0840642647883967
4.249999999999785,2.0874628412502587
4.259999999999785,2.0908534304510304
4.269999999999785,2.094236069845679
4.279999999999784,2.0976107966263338
4.289999999999784,2.1009776477247293
4.299999999999784,2.1043366598146394
4.309999999999784,2.1076878693142738
4.319999999999784,2.1110313123886404
4.329999999999783,2.1143670249518918
4.339999999999783,2.1176950426696415
4.349999999999783,2.121015400961298
4.359999999999783,2.124328135002131
4.3699999999997825,2.1276332797258006
4.379999999999782,2.130930869826373
4.389999999999782,2.1342209397605556
4.399999999999782,2.137503523749855
4.409999999999782,2.1407786557827135
4.419999999999781,2.144046369616621
4.429999999999781,2.1473066987802043
4.439999999999781,2.150559676575289
4.449999999999781,2.1538053360789395
4.459999999999781,2.15704371014548
4.46999999999978,2.1602748314084876
4.47999999999978,2.16349873228277
4.48999999999978,2.1667154449663086
4.49999999999978,2.169925001442244
4.5099999999997795,2.1731274334805857
4.519999999999779,2.1763227726403898
4.529999999999779,2.1795110502714348
4.539999999999779,2.182692297516113
4.549999999999779,2.1858665453112525
4.5599999999997785,2.189033824389933
4.569999999999778,2.1921941652832584
4.579999999999778,2.1953475983221296
4.589999999999778,2.1984941536389897
4.599999999999778,2.2016338611695536
4.609999999999777,2.204766750654512
4.619999999999777,2.2078928516412284
4.629999999999777,2.2110121934854017
4.639999999999777,2.214124805352781
4.6499999999997765,2.2172307162206004
4.659999999999776,2.2203299548794844
4.669999999999776,2.223422549934865
4.679999999999776,2.2265085298086045
4.689999999999776,2.229587922740574
4.6999999999997755,2.232660756790193
4.709999999999775,2.2357270598379744
4.719999999999775,2.2387868595870293
4.729999999999775,2.2418401835645803
4.739999999999775,2.2448870591234398
4.749999999999774,2.2479275134434875
4.759999999999774,2.2509615735331177
4.769999999999774,2.2539892662306804
4.779999999999774,2.2570106182059595
4.7899999999997736,2.2600256559613894
4.799999999999773,2.2630344058337255
4.809999999999773,2.2660368939952464
4.819999999999773,2.269033146455164
4.829999999999773,2.2720231890609726
4.8399999999997725,2.275007047499791
4.849999999999772,2.277984747299684
4.859999999999772,2.280956313830971
4.869999999999772,2.2839217723075302
4.879999999999772,2.286881147788071
4.889999999999771,2.289834465177415
4.899999999999771,2.292781749227747
4.909999999999771,2.295723024539866
4.919999999999771,2.2986583155644524
4.929999999999771,2.3015876466031226
4.93999999999977,2.3045110418098855
4.94999999999977,2.3074285251921784
4.95999999999977,2.31034012061208
4.96999999999977,2.313245851787487
4.9799999999997695,2.3161457422932794
4.989999999999769,2.3190398155624568
4.999999999999769,2.321928094887281
5.009999999999769,2.324810603420399
5.019999999999769,2.3276873641759597
5.029999999999768,2.3305584000307107
5.039999999999768,2.333423733725097
5.049999999999768,2.3362833878643334
5.059999999999768,2.339137384919482
5.069999999999768,2.3419857472285535
5.079999999999767,2.3448284969973763
5.089999999999767,2.347665656300904
5.099999999999767,2.3504972470840637
5.109999999999767,2.3533232911628246
5.1199999999997665,2.356143810225201
5.129999999999766,2.3589588258322536
5.139999999999766,2.361768359419074
5.149999999999766,2.3645724322957733
5.159999999999766,2.3673710656484444
5.1699999999997654,2.3701642805401213
5.179999999999765,2.372952097911737
5.189999999999765,2.375734538583061
5.199999999999765,2.378511623253631
5.209999999999765,2.3812833725037224
5.219999999999764,2.384049806795096
5.229999999999764,2.3868109464721514
5.239999999999764,2.3895668117626587
5.249999999999764,2.392317422778691
5.2599999999997635,2.3950627995175062
5.269999999999763,2.397802961862416
5.279999999999763,2.4005379295836504
5.289999999999763,2.403267722339221
5.299999999999763,2.405992359675753
5.3099999999997625,2.4087118610293423
5.319999999999762,2.4114262457263758
5.329999999999762,2.414135532984359
5.339999999999762,2.416839741912734
5.349999999999762,2.419538891513724
5.359999999999761,2.422233000682986
5.369999999999761,2.424922088210625
5.379999999999761,2.4276061727818328
5.389999999999761,2.4302852729777134
5.3999999999997605,2.432959407276037
5.40999999999976,2.43562859405202
5.41999999999976,2.438292851579072
5.42999999999976,2.440952198029559
5.43999999999976,2.4436066514755344
5.4499999999997595,2.446256229889481
5.459999999999759,2.4489009511450415
5.469999999999759,2.4515408330177424
5.479999999999759,2.454175893185709
5.489999999999759,2.4568061492304163
5.499999999999758,2.4594316186372365
5.509999999999758,2.4620523187963705
5.519999999999758,2.46466826700338
5.529999999999758,2.467279480459915
5.539999999999758,2.469885976274396
5.549999999999757,2.4724877714626743
5.559999999999757,2.47508488294871
5.569999999999757,2.477677327565232
5.579999999999757,2.4802651220543854
5.5899999999997565,2.482848283068385
5.599999999999756,2.485426827170158
5.609999999999756,2.4880007708339815
5.619999999999756,2.4905701304461108
5.629999999999756,2.493134922305412
5.639999999999755,2.4956951626240116
5.649999999999755,2.4982508675277657
5.659999999999755,2.500802053057096
5.669999999999755,2.5033487351674406
5.679999999999755,2.5058909297298917
5.689999999999754,2.508428652531789
5.699999999999754,2.510961919277309
5.709999999999754,2.5134907455880446
5.719999999999754,2.5160151470035896
5.7299999999997535,2.5185351389821014
5.739999999999753,2.5210507369008823
5.749999999999753,2.523561956056929
5.759999999999753,2.5260688116675003
5.769999999999753,2.528571318870668
5.7799999999997524,2.531069492725897
5.789999999999752,2.533563348214454
5.799999999999752,2.5360529002401497
5.809999999999752,2.5385381636297413
5.819999999999752,2.5410191531334942
5.829999999999751,2.5434958834257047
5.839999999999751,2.5459683691052235
5.849999999999751,2.548436624695972
5.859999999999751,2.5509006646474495
5.8699999999997505,2.5533605033352518
5.87999999999975,2.555816155061562
5.88999999999975,2.558267634055656
5.89999999999975,2.560714954474394
5.90999999999975,2.5631581304027202
5.9199999999997495,2.56559717585417
5.929999999999749,2.568032104771222
5.939999999999749,2.570462931025984
5.949999999999749,2.5728896684205202
5.959999999999749,2.575312330687374
5.969999999999748,2.577730931490015
5.979999999999748,2.580145484423314
5.989999999999748,2.5825560030139916
5.999999999999748,2.584962500721086
6.0099999999997475,2.587364990936387
6.019999999999747,2.5897634869849004
6.029999999999747,2.592158002125281
6.039999999999747,2.5945485495502725
6.049999999999747,2.596935142387148
6.0599999999997465,2.599317793698137
6.069999999999746,2.6016965164809016
6.079999999999746,2.604071323668803
6.089999999999746,2.6064422281315487
6.099999999999746,2.608809242675463
6.109999999999745,2.611172380043942
6.119999999999745,2.6135316529178625
6.129999999999745,2.6158870739159905
6.139999999999745,2.6182386555953863
6.149999999999745,2.6205864104518066
6.159999999999744,2.622930350920103
6.169999999999744,2.625270489374617
6.179999999999744,2.627606838129571
6.189999999999744,2.629939409439459
6.1999999999997435,2.6322682154994266
6.209999999999743,2.634593268445703
6.219999999999743,2.636914580355822
6.229999999999743,2.6392321632492197
6.239999999999743,2.6415460290874644
6.249999999999742,2.6438561897746644
6.259999999999742,2.646162657157831
6.269999999999742,2.6484654430272485
6.279999999999742,2.650764559116835
6.289999999999742,2.653060017104495
6.299999999999741,2.6553518286124813
6.309999999999741,2.6576400052077505
6.319999999999741,2.6599245584023006
6.329999999999741,2.662205499653537
6.3399999999997405,2.6644828403645997
6.34999999999974,2.6667565918847167
6.35999999999974,2.6690267655095763
6.36999999999974,2.6712933724815198
6.37999999999974,2.6735564239900866
6.389999999999739,2.675815931172211
6.399999999999739,2.678071905112576
6.409999999999739,2.680324356843953
6.419999999999739,2.682573297347514
6.429999999999739,2.684818737553154
6.439999999999738,2.6870606883398227
6.449999999999738,2.689299160535821
6.459999999999738,2.691534164919125
6.469999999999738,2.6937657122177057
6.4799999999997375,2.69599381310982
6.489999999999737,2.6982184782243306
6.499999999999737,2.700439718141038
6.509999999999737,2.7026575433908553
6.519999999999737,2.704871964456297
6.5299999999997365,2.7070829917716495
6.539999999999736,2.7092906357232978
6.549999999999736,2.7114949066500267
6.559999999999736,2.7136958148432964
6.569999999999736,2.7158933705475397
6.579999999999735,2.718087583960449
6.589999999999735,2.7202784652332572
6.599999999999735,2.7224660244710184
6.609999999999735,2.7246502717328918
6.6199999999997345,2.726831217032416
6.629999999999734,2.729008870337783
6.639999999999734,2.7311832415721478
6.649999999999734,2.733354340613774
6.659999999999734,2.735522177296484
6.6699999999997335,2.737686761409804
6.679999999999733,2.739848102699269
6.689999999999733,2.742006210866677
6.699999999999733,2.7441610955703486
6.709999999999733,2.746312766425395
6.719999999999732,2.7484612330039693
6.729999999999732,2.750606504835525
6.739999999999732,2.752748591407063
6.749999999999732,2.754887502163396
6.759999999999732,2.757023246507385
6.769999999999731,2.759155833800194
6.779999999999731,2.7612852733615383
6.789999999999731,2.7634115744699557
6.799999999999731,2.7655347463629245
6.8099999999997305,2.7676547982372925
6.81999999999973,2.769771739249392
6.82999999999973,2.7718855785153083
6.83999999999973,2.7739963251111117
6.84999999999973,2.776103988073103
6.859999999999729,2.7782085763980247
6.869999999999729,2.780310099043309
6.879999999999729,2.7824085649273047
6.889999999999729,2.7845039829294973
6.899999999999729,2.786596361890735
6.909999999999728,2.788685710613458
6.919999999999728,2.7907720378619225
6.929999999999728,2.7928553523624395
6.939999999999728,2.7949356628034843
6.9499999999997275,2.797012977836093
6.959999999999727,2.799087306073949
6.969999999999727,2.8011586560936412
6.979999999999727,2.80322703643487
6.989999999999727,2.8052924556006515
6.999999999999726,2.8073549220575424
7.009999999999726,2.809414444235835
7.019999999999726,2.81147103052977
7.029999999999726,2.813524689297742
7.039999999999726,2.8155754288625015
7.049999999999725,2.8176232575113582
7.059999999999725,2.8196681834963795
7.069999999999725,2.821710215034626
7.079999999999725,2.8237493603082235
7.0899999999997245,2.82578562746474
7.099999999999724,2.827819024617267
7.109999999999724,2.8298495598446354
7.119999999999724,2.8318772411916178
7.129999999999724,2.8339020766691045
7.1399999999997235,2.835924074254314
7.149999999999723,2.8379432418909643
7.159999999999723,2.8399595874894685
7.169999999999723,2.8419731189271134
7.179999999999723,2.8439838440482568
7.189999999999722,2.8459917706645013
7.199999999999722,2.8479969065548763
7.209999999999722,2.8499992594660206
7.219999999999722,2.8519988371123985
7.2299999999997215,2.853995647176342
7.239999999999721,2.8559896973084284
7.249999999999721,2.8579809951275195
7.259999999999721,2.8599695482209704
7.269999999999721,2.861955364144813
7.2799999999997205,2.8639384504239134
7.28999999999972,2.865918814552152
7.29999999999972,2.867896463992593
7.30999999999972,2.869871406177648
7.31999999999972,2.8718436485092504
7.329999999999719,2.873813198359018
7.339999999999719,2.875780063068416
7.349999999999719,2.8777442499489276
7.359999999999719,2.879705766282241
7.3699999999997186,2.8816646193202966
7.379999999999718,2.883620816285621
7.389999999999718,2.8855743643713723
7.399999999999718,2.887525270741534
7.409999999999718,2.8894735425310554
7.4199999999997175,2.8914191868460213
7.429999999999717,2.8933622107638124
7.439999999999717,2.8953026213332445
7.449999999999717,2.8972404255747346
7.459999999999717,2.8991756304804484
7.469999999999716,2.901108243014445
7.479999999999716,2.90303827011284
7.489999999999716,2.9049657186839535
7.499999999999716,2.9068905956084437
7.509999999999716,2.9088129077394975
7.519999999999715,2.9107326619028617
7.529999999999715,2.912649864897153
7.539999999999715,2.914564523493888
7.549999999999715,2.9164766444376644
7.5599999999997145,2.9183862344462903
7.569999999999714,2.9202933002109486
7.579999999999714,2.922197848396311
7.589999999999714,2.9240998856406777
7.599999999999714,2.9259994185561595
7.609999999999713,2.927896453728755
7.619999999999713,2.9297909977185297
7.629999999999713,2.931683057059736
7.639999999999713,2.933572638260951
7.649999999999713,2.9354597478052424
7.659999999999712,2.9373443921501847
7.669999999999712,2.939226577728161
7.679999999999712,2.94110631094638
7.689999999999712,2.9429835981870487
7.6999999999997115,2.944858445807483
7.709999999999711,2.9467308601402533
7.719999999999711,2.9486008474932985
7.729999999999711,2.9504684141500626
7.739999999999711,2.9523335663696244
7.7499999999997105,2.954196310386812
7.75999999999971,2.9560566524123377
7.76999999999971,2.957914598632916
7.77999999999971,2.9597701552113977
7.78999999999971,2.9616233282868984
7.799999999999709,2.96347412397484
7.809999999999709,2.965322548367206
7.819999999999709,2.9671686075325776
7.829999999999709,2.969012307516263
7.8399999999997085,2.9708536543404316
7.849999999999708,2.9726926540042125
7.859999999999708,2.9745293124838255
7.869999999999708,2.9763636357327017
7.879999999999708,2.9781956296815917
7.8899999999997075,2.98002530023867
7.899999999999707,2.981852653289676
7.909999999999707,2.983677694698002
7.919999999999707,2.985500430304816
7.929999999999707,2.987320865929182
7.939999999999706,2.9891390073681903
7.949999999999706,2.9909548603969465
7.959999999999706,2.9927684307688764
7.969999999999706,2.994579724215697
7.9799999999997056,2.996388746447568
7.989999999999705,2.9981955031531995
7.999999999999705,2.9999999999999454
8.009999999999705,3.0018022426339295
8.019999999999705,3.003602236680134
8.029999999999704,3.0053999877425324
8.039999999999704,3.0071955014041403
8.049999999999704,3.0089887832271893
8.059999999999704,3.010779838753174
8.069999999999704,3.012568673502986
8.079999999999703,3.0143552929770263
8.089999999999703,3.016139702655207
8.099999999999703,3.017921907997215
8.109999999999703,3.0197019144425
8.119999999999703,3.021479727410403
8.129999999999702,3.023255352300255
8.139999999999702,3.0250287944914693
8.149999999999702,3.026800059343659
8.159999999999702,3.028569152196714
8.169999999999702,3.0303360783708997
8.179999999999701,3.032100843166965
8.189999999999701,3.0338634518662237
8.1999999999997,3.035623909730658
8.2099999999997,3.037382222003015
8.2199999999997,3.0391383939069168
8.2299999999997,3.040892430646858
8.2399999999997,3.04264433740845
8.2499999999997,3.0443941193584054
8.2599999999997,3.046141781644674
8.2699999999997,3.0478873293965
8.2799999999997,3.049630767724546
8.289999999999699,3.051372101720974
8.299999999999699,3.0531113364595086
8.309999999999699,3.0548484769955624
8.319999999999698,3.056583528366308
8.329999999999698,3.0583164955907645
8.339999999999698,3.0600473836698763
8.349999999999698,3.061776197586624
8.359999999999697,3.063502942306094
8.369999999999697,3.0652276227755757
8.379999999999697,3.0669502439245804
8.389999999999697,3.068670810665052
8.399999999999697,3.0703893278913506
8.409999999999696,3.07210580048037
8.419999999999696,3.0738202332916225
8.429999999999696,3.075532631167305
8.439999999999696,3.077242998932405
8.449999999999696,3.078951341394767
8.459999999999695,3.0806576633451686
8.469999999999695,3.082361969557416
8.479999999999695,3.0840642647884153
8.489999999999695,3.08576455377825
8.499999999999694,3.0874628412502743
8.509999999999694,3.089159131911198
8.519999999999694,3.090853430451069
8.529999999999694,3.092545741543519
8.539999999999694,3.0942360698457194
8.549999999999693,3.095924419998489
8.559999999999693,3.0976107966263733
8.569999999999693,3.0992952043377278
8.579999999999693,3.100977647724768
8.589999999999693,3.1026581313636856
8.599999999999692,3.104336659814682
8.609999999999692,3.1060132376220637
8.619999999999692,3.107687869314313
8.629999999999692,3.1093605594041693
8.639999999999691,3.1110313123886817
8.649999999999691,3.112700132749297
8.659999999999691,3.1143670249519566
8.66999999999969,3.116031993447067
8.67999999999969,3.117695042669708
8.68999999999969,3.119356177039629
8.69999999999969,3.121015400961319
8.70999999999969,3.1226727188240915
8.71999999999969,3.1243281350021497
8.72999999999969,3.1259816538546623
8.73999999999969,3.1276332797258175
8.74999999999969,3.1292830169449104
8.759999999999689,3.130930869826388
8.769999999999689,3.132576842669949
8.779999999999688,3.1342209397605716
8.789999999999688,3.135863165368616
8.799999999999688,3.1375035237498934
8.809999999999688,3.139142019145647
8.819999999999688,3.1407786557827526
8.829999999999687,3.142413437873696
8.839999999999687,3.1440463696166616
8.849999999999687,3.1456774551955875
8.859999999999687,3.1473066987802434
8.869999999999687,3.148934104526288
8.879999999999686,3.1505596765753263
8.889999999999686,3.15218341905499
8.899999999999686,3.1538053360789755
8.909999999999686,3.1554254317471386
8.919999999999686,3.1570437101455204
8.929999999999685,3.1586601753464385
8.939999999999685,3.1602748314085294
8.949999999999685,3.1618876823768542
8.959999999999685,3.1634987322828367
8.969999999999684,3.1651079851444925
8.979999999999684,3.166715444966379
8.989999999999684,3.1683211157396767
8.999999999999684,3.1699250014422637
9.009999999999684,3.171527106038764
9.019999999999683,3.173127433480605
9.029999999999683,3.1747259877060787
9.039999999999683,3.1763227726404084
9.049999999999683,3.177917792195787
9.059999999999683,3.179511050271452
9.069999999999682,3.1811025507537387
9.079999999999682,3.1826922975161307
9.089999999999682,3.1842802944193394
9.099999999999682,3.1858665453112947
9.109999999999681,3.187451054027285
9.119999999999681,3.189033824389973
9.129999999999681,3.190614860209452
9.13999999999968,3.192194165283297
9.14999999999968,3.19377174339663
9.15999999999968,3.1953475983221664
9.16999999999968,3.1969217338202784
9.17999999999968,3.1984941536390292
9.18999999999968,3.2000648615142535
9.19999999999968,3.201633861169593
9.20999999999968,3.2032011563165517
9.21999999999968,3.2047667506545525
9.229999999999679,3.2063306478710083
9.239999999999679,3.2078928516412955
9.249999999999678,3.209453365628909
9.259999999999678,3.2110121934854705
9.269999999999678,3.212569338850764
9.279999999999678,3.2141248053528018
9.289999999999678,3.2156785966078787
9.299999999999677,3.217230716220619
9.309999999999677,3.2187811677840186
9.319999999999677,3.220329954879504
9.329999999999677,3.221877081076983
9.339999999999677,3.223422549934882
9.349999999999676,3.224966365000218
9.359999999999676,3.226508529808624
9.369999999999676,3.2280490478844013
9.379999999999676,3.229587922740614
9.389999999999675,3.2311251578790094
9.399999999999675,3.2326607567902355
9.409999999999675,3.234194722953768
9.419999999999675,3.2357270598380143
9.429999999999675,3.237257770900324
9.439999999999674,3.2387868595870715
9.449999999999674,3.240314329333662
9.459999999999674,3.2418401835646216
9.469999999999674,3.2433644256936094
9.479999999999674,3.2448870591234815
9.489999999999673,3.2464080872463277
9.499999999999673,3.2479275134435315
9.509999999999673,3.2494453410857815
9.519999999999673,3.2509615735331794
9.529999999999673,3.2524762141351786
9.539999999999672,3.2539892662307457
9.549999999999672,3.255500733148342
9.559999999999672,3.2570106182059795
9.569999999999672,3.258518924711257
9.579999999999671,3.2600256559614076
9.589999999999671,3.2615308152433578
9.599999999999671,3.2630344058337464
9.60999999999967,3.2645364309989753
9.61999999999967,3.2660368939952673
9.62999999999967,3.2675357980686823
9.63999999999967,3.2690331464551807
9.64999999999967,3.2705289423806594
9.65999999999967,3.2720231890609903
9.66999999999967,3.2735158897020793
9.67999999999967,3.275007047499832
9.689999999999669,3.276496665640314
9.699999999999669,3.2779847472997217
9.709999999999669,3.279471295644423
9.719999999999668,3.28095631383101
9.729999999999668,3.282439805006341
9.739999999999668,3.2839217723075698
9.749999999999668,3.285402218862199
9.759999999999668,3.28688114778811
9.769999999999667,3.2883585621936104
9.779999999999667,3.2898344651774547
9.789999999999667,3.291308859828913
9.799999999999667,3.2927817492277875
9.809999999999667,3.294253136444478
9.819999999999666,3.295723024539932
9.829999999999666,3.2971914165658167
9.839999999999666,3.2986583155644738
9.849999999999666,3.3001237245689725
9.859999999999665,3.301587646603142
9.869999999999665,3.3030500846816304
9.879999999999665,3.3045110418099037
9.889999999999665,3.305970520984338
9.899999999999665,3.307428525192198
9.909999999999664,3.3088850574117115
9.919999999999664,3.310340120612098
9.929999999999664,3.3117937177535954
9.939999999999664,3.313245851787507
9.949999999999664,3.314696525656252
9.959999999999663,3.31614574229332
9.969999999999663,3.3175935046234333
9.979999999999663,3.319039815562496
9.989999999999663,3.320484678017651
9.999999999999662,3.321928094887318
